Fecha_Pronostico,Pronostico_Ensemble,Pronostico_Min,Pronostico_Max,Producto_Descripcion,Cliente_Descripcion,Cluster
2025-10-01,370226.25734176533,135556.57587459078,627166.3263163792,ANALGESICO + ANTIPERETICO TABLETAS 1,Cliente 1,0
2025-11-01,366100.7637929186,111742.48521116686,632043.216696504,ANALGESICO + ANTIPERETICO TABLETAS 1,Cliente 1,0
2025-12-01,336910.0744294434,71251.18357954033,564382.2314954615,ANALGESICO + ANTIPERETICO TABLETAS 1,Cliente 1,0
2026-01-01,407367.235902753,157258.44406655763,638864.6449139473,ANALGESICO + ANTIPERETICO TABLETAS 1,Cliente 1,0
2026-02-01,371852.75503686274,211923.06657569174,734190.641844358,ANALGESICO + ANTIPERETICO TABLETAS 1,Cliente 1,0
2026-03-01,379729.6510697447,97844.66570517379,576027.5416616518,ANALGESICO + ANTIPERETICO TABLETAS 1,Cliente 1,0
2026-04-01,374498.2465755669,67559.81058672354,560258.891989362,ANALGESICO + ANTIPERETICO TABLETAS 1,Cliente 1,0
2026-05-01,424406.3252119299,90514.01460089513,580524.4453339797,ANALGESICO + ANTIPERETICO TABLETAS 1,Cliente 1,0
2026-06-01,384659.5372434589,76733.6311556189,585609.6323516524,ANALGESICO + ANTIPERETICO TABLETAS 1,Cliente 1,0
2026-07-01,413584.77612766245,107413.35945299771,629896.7908302288,ANALGESICO + ANTIPERETICO TABLETAS 1,Cliente 1,0
2026-08-01,443387.0638162503,158641.82515157643,643756.1915192958,ANALGESICO + ANTIPERETICO TABLETAS 1,Cliente 1,0
2026-09-01,406091.69802035997,137483.38727788572,653332.3574308082,ANALGESICO + ANTIPERETICO TABLETAS 1,Cliente 1,0
2025-10-01,126736.59255530873,-23255.61183951275,256326.60343309125,ANALGESICO + ANTIPERETICO TABLETAS 1,Cliente 2,0
2025-11-01,224018.54839216187,129606.1256413477,418380.0750504363,ANALGESICO + ANTIPERETICO TABLETAS 1,Cliente 2,0
2025-12-01,212632.85326239132,44062.81340812819,326404.2295650354,ANALGESICO + ANTIPERETICO TABLETAS 1,Cliente 2,0
2026-01-01,182855.84566831056,30012.091981826128,318009.33166251186,ANALGESICO + ANTIPERETICO TABLETAS 1,Cliente 2,0
2026-02-01,126659.23155049972,-66771.9518323015,203430.91165451804,ANALGESICO + ANTIPERETICO TABLETAS 1,Cliente 2,0
2026-03-01,244957.41680680736,97570.06562627887,388168.9755698872,ANALGESICO + ANTIPERETICO TABLETAS 1,Cliente 2,0
2026-04-01,217623.8548699187,45236.916561579426,330266.23995412636,ANALGESICO + ANTIPERETICO TABLETAS 1,Cliente 2,0
2026-05-01,132608.26392076036,-32910.27939804876,235070.7949795923,ANALGESICO + ANTIPERETICO TABLETAS 1,Cliente 2,0
2026-06-01,118139.07742705087,-51604.40657084856,220712.69911065508,ANALGESICO + ANTIPERETICO TABLETAS 1,Cliente 2,0
2026-07-01,143247.8628497071,-18076.132833194548,272515.55651501095,ANALGESICO + ANTIPERETICO TABLETAS 1,Cliente 2,0
2026-08-01,152395.9018818184,37961.286300384876,327201.10128707497,ANALGESICO + ANTIPERETICO TABLETAS 1,Cliente 2,0
2026-09-01,111433.42741556738,-60737.585959635326,241160.99901144873,ANALGESICO + ANTIPERETICO TABLETAS 1,Cliente 2,0
2025-10-01,234159.9490432094,-92602.52820454065,474397.01148571447,ANALGESICO + ANTIPERETICO TABLETAS 1,Cliente 3,0
2025-11-01,317176.71386160055,65688.03285945691,651600.5881553482,ANALGESICO + ANTIPERETICO TABLETAS 1,Cliente 3,0
2025-12-01,131405.63469852414,-170586.75266632947,427626.18191311235,ANALGESICO + ANTIPERETICO TABLETAS 1,Cliente 3,0
2026-01-01,275015.7926103097,38856.92073838526,584290.8494761088,ANALGESICO + ANTIPERETICO TABLETAS 1,Cliente 3,0
2026-02-01,296169.013545298,-14708.610680916985,563885.5815707694,ANALGESICO + ANTIPERETICO TABLETAS 1,Cliente 3,0
2026-03-01,193799.80125446664,-105977.87278823365,480910.355620204,ANALGESICO + ANTIPERETICO TABLETAS 1,Cliente 3,0
2026-04-01,190861.89582709674,-154251.73010317798,425973.28594073403,ANALGESICO + ANTIPERETICO TABLETAS 1,Cliente 3,0
2026-05-01,153389.3024946722,-220766.18037262632,339294.42503585573,ANALGESICO + ANTIPERETICO TABLETAS 1,Cliente 3,0
2026-06-01,378591.5341363049,135056.92958857416,672650.7984554983,ANALGESICO + ANTIPERETICO TABLETAS 1,Cliente 3,0
2026-07-01,347271.7154335401,54606.04126698307,624557.996208734,ANALGESICO + ANTIPERETICO TABLETAS 1,Cliente 3,0
2026-08-01,280115.6570624548,-64808.8888712244,522773.08432393515,ANALGESICO + ANTIPERETICO TABLETAS 1,Cliente 3,0
2026-09-01,144859.51821854417,-184581.52696334873,382027.27096521435,ANALGESICO + ANTIPERETICO TABLETAS 1,Cliente 3,0
2025-10-01,133908.8426798299,46545.56675375353,220925.52233126626,ANALGESICO + ANTIPERETICO TABLETAS 1,Cliente 5,0
2025-11-01,87914.77889801069,37816.873853743644,203074.00401971577,ANALGESICO + ANTIPERETICO TABLETAS 1,Cliente 5,0
2025-12-01,85388.05960519817,30175.870559260573,201528.0055704369,ANALGESICO + ANTIPERETICO TABLETAS 1,Cliente 5,0
2026-01-01,122039.12183820503,49939.923919664216,204195.96581551404,ANALGESICO + ANTIPERETICO TABLETAS 1,Cliente 5,0
2026-02-01,67757.410168026,-11019.84085925335,144136.18613087008,ANALGESICO + ANTIPERETICO TABLETAS 1,Cliente 5,0
2026-03-01,94678.64822726301,1454.2344981238837,165452.63184450107,ANALGESICO + ANTIPERETICO TABLETAS 1,Cliente 5,0
2026-04-01,107272.0348409734,3545.153101869743,162598.1290739886,ANALGESICO + ANTIPERETICO TABLETAS 1,Cliente 5,0
2026-05-01,80906.44687885027,26908.46685890292,188648.70681115132,ANALGESICO + ANTIPERETICO TABLETAS 1,Cliente 5,0
2026-06-01,102687.84875929006,38253.10644432589,198038.1782049815,ANALGESICO + ANTIPERETICO TABLETAS 1,Cliente 5,0
2026-07-01,104176.00225001438,10881.193653447006,175013.08287814568,ANALGESICO + ANTIPERETICO TABLETAS 1,Cliente 5,0
2026-08-01,98033.91367217059,16934.618397483784,180000.5770659129,ANALGESICO + ANTIPERETICO TABLETAS 1,Cliente 5,0
2026-09-01,75964.7017856066,12168.79867329918,166650.44981222638,ANALGESICO + ANTIPERETICO TABLETAS 1,Cliente 5,0
2025-10-01,202706.19327453183,121253.3435092727,274164.9235352225,ANALGESICO + ANTIPERETICO TABLETAS 1,Cliente Otros,0
2025-11-01,145927.07013315381,44262.96894288562,205112.8033221175,ANALGESICO + ANTIPERETICO TABLETAS 1,Cliente Otros,0
2025-12-01,129202.67218723829,31295.665161977446,188190.81578969254,ANALGESICO + ANTIPERETICO TABLETAS 1,Cliente Otros,0
2026-01-01,221811.28518235753,138998.1642565326,280045.21976883436,ANALGESICO + ANTIPERETICO TABLETAS 1,Cliente Otros,0
2026-02-01,195985.4672985849,125370.15781538362,272437.61283899244,ANALGESICO + ANTIPERETICO TABLETAS 1,Cliente Otros,0
2026-03-01,175921.37089978866,52446.316312973155,213341.72052867658,ANALGESICO + ANTIPERETICO TABLETAS 1,Cliente Otros,0
2026-04-01,162222.20245652407,44709.67066301706,194102.15057407683,ANALGESICO + ANTIPERETICO TABLETAS 1,Cliente Otros,0
2026-05-01,163502.81187577572,64245.69542162793,212607.4637431433,ANALGESICO + ANTIPERETICO TABLETAS 1,Cliente Otros,0
2026-06-01,199882.4561906217,100129.76013547006,259326.86832953346,ANALGESICO + ANTIPERETICO TABLETAS 1,Cliente Otros,0
2026-07-01,140098.65415422132,46750.41079110996,195274.6278159065,ANALGESICO + ANTIPERETICO TABLETAS 1,Cliente Otros,0
2026-08-01,191586.53861975457,100518.34688903058,255158.73638096615,ANALGESICO + ANTIPERETICO TABLETAS 1,Cliente Otros,0
2026-09-01,196612.5724161415,94471.99808192255,249906.47173263365,ANALGESICO + ANTIPERETICO TABLETAS 1,Cliente Otros,0
2025-10-01,339211.56234041223,-92287.89805746193,444891.46807864413,ANALGESICO + ANTIPERETICO TABLETAS 2,Cliente 1,0
2025-11-01,376002.6590454856,57981.242645894206,602134.3089337528,ANALGESICO + ANTIPERETICO TABLETAS 2,Cliente 1,0
2025-12-01,267908.1428214766,-32949.763489419805,503434.4124551701,ANALGESICO + ANTIPERETICO TABLETAS 2,Cliente 1,0
2026-01-01,370903.6151849977,60174.386308039626,633908.9149232274,ANALGESICO + ANTIPERETICO TABLETAS 2,Cliente 1,0
2026-02-01,445875.1709993851,222877.16758076666,763745.2938535616,ANALGESICO + ANTIPERETICO TABLETAS 2,Cliente 1,0
2026-03-01,328216.6476574238,14137.752449373033,565671.5614306582,ANALGESICO + ANTIPERETICO TABLETAS 2,Cliente 1,0
2026-04-01,322541.29009165976,42148.30084828281,603610.796265894,ANALGESICO + ANTIPERETICO TABLETAS 2,Cliente 1,0
2026-05-01,288960.29740541725,-83036.84544861362,468712.0090897079,ANALGESICO + ANTIPERETICO TABLETAS 2,Cliente 1,0
2026-06-01,173072.5305427697,-93714.98485396034,469004.338790872,ANALGESICO + ANTIPERETICO TABLETAS 2,Cliente 1,0
2026-07-01,221366.44626309932,-64618.98760881437,477228.9391197091,ANALGESICO + ANTIPERETICO TABLETAS 2,Cliente 1,0
2026-08-01,272886.7490000506,7599.240805443888,570596.7739152914,ANALGESICO + ANTIPERETICO TABLETAS 2,Cliente 1,0
2026-09-01,302914.2068370098,-21140.10043510771,558061.7572759795,ANALGESICO + ANTIPERETICO TABLETAS 2,Cliente 1,0
2025-10-01,150195.64284823352,-110522.78873832486,290158.3843459443,ANALGESICO + ANTIPERETICO TABLETAS 2,Cliente 2,0
2025-11-01,137831.00386582103,-20042.195660586633,412517.18760958686,ANALGESICO + ANTIPERETICO TABLETAS 2,Cliente 2,0
2025-12-01,168805.16114781244,-35340.56103391896,397780.7001168513,ANALGESICO + ANTIPERETICO TABLETAS 2,Cliente 2,0
2026-01-01,251358.18786991792,380.353197293734,447498.89252716216,ANALGESICO + ANTIPERETICO TABLETAS 2,Cliente 2,0
2026-02-01,253582.7155792412,-837.0618573697558,419108.9033513694,ANALGESICO + ANTIPERETICO TABLETAS 2,Cliente 2,0
2026-03-01,306768.69244083035,112039.05915066205,528025.1329538891,ANALGESICO + ANTIPERETICO TABLETAS 2,Cliente 2,0
2026-04-01,232281.45934622802,46966.64933502883,480748.3437660332,ANALGESICO + ANTIPERETICO TABLETAS 2,Cliente 2,0
2026-05-01,114688.7933917996,-104476.19315330662,305627.9032394245,ANALGESICO + ANTIPERETICO TABLETAS 2,Cliente 2,0
2026-06-01,117436.59977140457,-97340.19492758863,327007.72875052574,ANALGESICO + ANTIPERETICO TABLETAS 2,Cliente 2,0
2026-07-01,94965.99642985828,-101793.8269349305,298106.3835426049,ANALGESICO + ANTIPERETICO TABLETAS 2,Cliente 2,0
2026-08-01,114964.48656067351,-59554.62026149958,359313.54063842393,ANALGESICO + ANTIPERETICO TABLETAS 2,Cliente 2,0
2026-09-01,198770.99613604284,-53415.58105958402,368566.0470615451,ANALGESICO + ANTIPERETICO TABLETAS 2,Cliente 2,0
2025-10-01,239885.24652589555,-146307.38665479934,557685.7422495009,ANALGESICO + ANTIPERETICO TABLETAS 2,Cliente 3,0
2025-11-01,295902.396768712,-69951.70031249114,744430.8624023265,ANALGESICO + ANTIPERETICO TABLETAS 2,Cliente 3,0
2025-12-01,210830.49279434464,-138912.02404588644,612076.759538685,ANALGESICO + ANTIPERETICO TABLETAS 2,Cliente 3,0
2026-01-01,456710.13750618184,97802.05723105736,852383.1584626785,ANALGESICO + ANTIPERETICO TABLETAS 2,Cliente 3,0
2026-02-01,373866.35544013575,-28292.144066068537,745108.5860499504,ANALGESICO + ANTIPERETICO TABLETAS 2,Cliente 3,0
2026-03-01,239128.05565765777,-196280.81704117445,548868.8672151787,ANALGESICO + ANTIPERETICO TABLETAS 2,Cliente 3,0
2026-04-01,167429.9643550136,-319981.13192863116,439313.0131438592,ANALGESICO + ANTIPERETICO TABLETAS 2,Cliente 3,0
2026-05-01,143187.9633629039,-366419.6969925745,406422.3396274153,ANALGESICO + ANTIPERETICO TABLETAS 2,Cliente 3,0
2026-06-01,256744.47167479477,-198432.15316238522,530055.6906012136,ANALGESICO + ANTIPERETICO TABLETAS 2,Cliente 3,0
2026-07-01,294289.46817302675,-133561.8207268782,600377.4042296609,ANALGESICO + ANTIPERETICO TABLETAS 2,Cliente 3,0
2026-08-01,263268.71507607074,-143786.03125227615,614563.2137122958,ANALGESICO + ANTIPERETICO TABLETAS 2,Cliente 3,0
2026-09-01,187494.14212262587,-252369.95272876127,468178.13389275095,ANALGESICO + ANTIPERETICO TABLETAS 2,Cliente 3,0
2025-10-01,95025.51864404714,91095.15259200752,205057.41617452254,ANALGESICO + ANTIPERETICO TABLETAS 2,Cliente 5,0
2025-11-01,78715.02911919348,14451.119230853383,130452.77679780265,ANALGESICO + ANTIPERETICO TABLETAS 2,Cliente 5,0
2025-12-01,93147.90078413229,38499.06685751636,158858.48702305462,ANALGESICO + ANTIPERETICO TABLETAS 2,Cliente 5,0
2026-01-01,105123.70670473123,47082.9055651166,166045.14426924515,ANALGESICO + ANTIPERETICO TABLETAS 2,Cliente 5,0
2026-02-01,72903.64952836024,-12608.960201951188,108139.85828663329,ANALGESICO + ANTIPERETICO TABLETAS 2,Cliente 5,0
2026-03-01,95169.41976716333,31996.248618852464,144146.75249171417,ANALGESICO + ANTIPERETICO TABLETAS 2,Cliente 5,0
2026-04-01,83249.50567093997,14442.757124373613,130817.65415810548,ANALGESICO + ANTIPERETICO TABLETAS 2,Cliente 5,0
2026-05-01,74945.51356419038,27408.725541673768,147282.38974683775,ANALGESICO + ANTIPERETICO TABLETAS 2,Cliente 5,0
2026-06-01,56674.526490518474,26207.97771472614,141318.40179885883,ANALGESICO + ANTIPERETICO TABLETAS 2,Cliente 5,0
2026-07-01,38053.67375645304,-24862.357258239943,97516.21018691229,ANALGESICO + ANTIPERETICO TABLETAS 2,Cliente 5,0
2026-08-01,61381.97050620132,14926.575934135813,139604.69513667008,ANALGESICO + ANTIPERETICO TABLETAS 2,Cliente 5,0
2026-09-01,66384.36940599255,-3399.3454312025046,117576.95851448111,ANALGESICO + ANTIPERETICO TABLETAS 2,Cliente 5,0
2025-10-01,156446.69438987476,59097.85729573153,245740.4709027309,ANALGESICO + ANTIPERETICO TABLETAS 2,Cliente Otros,0
2025-11-01,113809.37967308126,2745.0088573795265,197403.74048562674,ANALGESICO + ANTIPERETICO TABLETAS 2,Cliente Otros,0
2025-12-01,95363.17678167009,-31136.657377119038,170818.93596133267,ANALGESICO + ANTIPERETICO TABLETAS 2,Cliente Otros,0
2026-01-01,162534.2791131716,82552.5558347724,283754.31533754617,ANALGESICO + ANTIPERETICO TABLETAS 2,Cliente Otros,0
2026-02-01,166913.43349381266,66962.4852281639,254667.9926353476,ANALGESICO + ANTIPERETICO TABLETAS 2,Cliente Otros,0
2026-03-01,169702.58715853968,17451.123877289872,211939.67353095315,ANALGESICO + ANTIPERETICO TABLETAS 2,Cliente Otros,0
2026-04-01,133368.2176639575,-14688.76745090644,183589.19985694054,ANALGESICO + ANTIPERETICO TABLETAS 2,Cliente Otros,0
2026-05-01,104699.01251334282,-25390.5752162266,165968.31711769552,ANALGESICO + ANTIPERETICO TABLETAS 2,Cliente Otros,0
2026-06-01,106258.34338415955,34235.62529548084,223208.09227380547,ANALGESICO + ANTIPERETICO TABLETAS 2,Cliente Otros,0
2026-07-01,100879.30157760107,-15164.26301167797,182494.42125498393,ANALGESICO + ANTIPERETICO TABLETAS 2,Cliente Otros,0
2026-08-01,131360.53786530645,11380.540774979343,199831.48169873605,ANALGESICO + ANTIPERETICO TABLETAS 2,Cliente Otros,0
2026-09-01,118634.21468961086,-6465.634121924838,191797.9938234256,ANALGESICO + ANTIPERETICO TABLETAS 2,Cliente Otros,0
2025-10-01,814229.7785129756,-451463.68982409214,3363489.2413212755,ANTIBIOTICO + ANTIFUNGICO CREMA,Cliente 1,1
2025-11-01,803766.6604511662,-471959.73127513035,3242485.668186433,ANTIBIOTICO + ANTIFUNGICO CREMA,Cliente 1,1
2025-12-01,680261.634656624,-1046353.2505987999,2647432.600379259,ANTIBIOTICO + ANTIFUNGICO CREMA,Cliente 1,1
2026-01-01,830432.709374724,214203.46330876462,3959238.8371331883,ANTIBIOTICO + ANTIFUNGICO CREMA,Cliente 1,1
2026-02-01,685014.7410900084,-891579.6473169744,2866722.5902830674,ANTIBIOTICO + ANTIFUNGICO CREMA,Cliente 1,1
2026-03-01,729607.1861105636,12880.588092616086,3798591.8587165796,ANTIBIOTICO + ANTIFUNGICO CREMA,Cliente 1,1
2026-04-01,721160.8129626815,42613.63430853038,3937286.97789986,ANTIBIOTICO + ANTIFUNGICO CREMA,Cliente 1,1
2026-05-01,580863.8611575116,-1341252.4348252083,2613271.300867437,ANTIBIOTICO + ANTIFUNGICO CREMA,Cliente 1,1
2026-06-01,477327.1510054194,-1256964.2638214862,2501299.2261957927,ANTIBIOTICO + ANTIFUNGICO CREMA,Cliente 1,1
2026-07-01,598204.3116501751,-578386.182597826,3222001.625794052,ANTIBIOTICO + ANTIFUNGICO CREMA,Cliente 1,1
2026-08-01,502990.6142127212,-1185418.7473943413,2674967.223205082,ANTIBIOTICO + ANTIFUNGICO CREMA,Cliente 1,1
2026-09-01,742879.0810710681,-532597.8766885899,3284402.8807036555,ANTIBIOTICO + ANTIFUNGICO CREMA,Cliente 1,1
2025-10-01,466352.4762866546,-546461.537324188,1043622.859462998,ANTIBIOTICO + ANTIFUNGICO CREMA,Cliente 2,1
2025-11-01,536135.4206332209,-311782.6495055205,1243399.5799696194,ANTIBIOTICO + ANTIFUNGICO CREMA,Cliente 2,1
2025-12-01,538833.0510036005,119.32768495640354,1615525.151405305,ANTIBIOTICO + ANTIFUNGICO CREMA,Cliente 2,1
2026-01-01,460883.31589623354,-241057.04002803765,1281928.197616943,ANTIBIOTICO + ANTIFUNGICO CREMA,Cliente 2,1
2026-02-01,335050.45739924343,-608894.6785756807,951229.8343424421,ANTIBIOTICO + ANTIFUNGICO CREMA,Cliente 2,1
2026-03-01,542341.9236896433,-75473.22423387204,1521976.1764141344,ANTIBIOTICO + ANTIFUNGICO CREMA,Cliente 2,1
2026-04-01,575023.6329082317,6871.486162352475,1562879.0224685185,ANTIBIOTICO + ANTIFUNGICO CREMA,Cliente 2,1
2026-05-01,370738.9480159357,-619412.9167923562,986368.4104321338,ANTIBIOTICO + ANTIFUNGICO CREMA,Cliente 2,1
2026-06-01,543050.2829658262,-405820.96560500766,1198726.3903902604,ANTIBIOTICO + ANTIFUNGICO CREMA,Cliente 2,1
2026-07-01,693732.0897844374,-118084.72113394129,1488526.1349155412,ANTIBIOTICO + ANTIFUNGICO CREMA,Cliente 2,1
2026-08-01,466217.02182244795,-634867.5008067351,1005014.7066559327,ANTIBIOTICO + ANTIFUNGICO CREMA,Cliente 2,1
2026-09-01,399503.3917116043,-442293.104105499,1105099.564355994,ANTIBIOTICO + ANTIFUNGICO CREMA,Cliente 2,1
2025-10-01,1359698.287877103,-322863.55829935364,5488445.664664897,ANTIBIOTICO + ANTIFUNGICO CREMA,Cliente 3,2
2025-11-01,1451916.185739565,-65854.06068496748,5666551.211313864,ANTIBIOTICO + ANTIFUNGICO CREMA,Cliente 3,2
2025-12-01,310254.2742446159,-2632870.7935509137,3201184.941545197,ANTIBIOTICO + ANTIFUNGICO CREMA,Cliente 3,2
2026-01-01,2018726.6941442518,-102227.46348726182,5613321.941874769,ANTIBIOTICO + ANTIFUNGICO CREMA,Cliente 3,2
2026-02-01,1004106.6899864259,-1783370.7761856467,3589583.660332569,ANTIBIOTICO + ANTIFUNGICO CREMA,Cliente 3,2
2026-03-01,710568.7796735627,-2547879.1388628087,2985780.518384615,ANTIBIOTICO + ANTIFUNGICO CREMA,Cliente 3,2
2026-04-01,1886174.1142214742,679701.8094289848,6220738.298464236,ANTIBIOTICO + ANTIFUNGICO CREMA,Cliente 3,2
2026-05-01,524077.9472897877,-2597469.328879809,2981744.8424895937,ANTIBIOTICO + ANTIFUNGICO CREMA,Cliente 3,2
2026-06-01,704549.3797405842,-2560906.2501689787,3244372.537811069,ANTIBIOTICO + ANTIFUNGICO CREMA,Cliente 3,2
2026-07-01,1293855.326617819,-1155439.1081404777,4722253.933442311,ANTIBIOTICO + ANTIFUNGICO CREMA,Cliente 3,2
2026-08-01,1532740.5307336918,-1267986.5688289702,4454004.137552818,ANTIBIOTICO + ANTIFUNGICO CREMA,Cliente 3,2
2026-09-01,1024769.331629212,-1927185.3101186089,3520842.8157000747,ANTIBIOTICO + ANTIFUNGICO CREMA,Cliente 3,2
2025-10-01,732357.0448169761,245524.9015593353,1283656.7924216336,ANTIBIOTICO + ANTIFUNGICO CREMA,Cliente 5,1
2025-11-01,452521.6516260979,-85606.49372894423,931076.7853909779,ANTIBIOTICO + ANTIFUNGICO CREMA,Cliente 5,1
2025-12-01,868782.2917578444,563139.6548840279,1638892.1429653384,ANTIBIOTICO + ANTIFUNGICO CREMA,Cliente 5,1
2026-01-01,792459.4641829059,230618.06661215657,1257788.3012963247,ANTIBIOTICO + ANTIFUNGICO CREMA,Cliente 5,1
2026-02-01,803532.9382653157,242279.67966314833,1303963.2006030076,ANTIBIOTICO + ANTIFUNGICO CREMA,Cliente 5,1
2026-03-01,920106.2516820534,356001.7220983138,1334132.2390195157,ANTIBIOTICO + ANTIFUNGICO CREMA,Cliente 5,1
2026-04-01,684802.3282882544,152621.272733142,1211782.709056162,ANTIBIOTICO + ANTIFUNGICO CREMA,Cliente 5,1
2026-05-01,1104048.0677128471,638037.406787209,1653166.4046021302,ANTIBIOTICO + ANTIFUNGICO CREMA,Cliente 5,1
2026-06-01,1043983.2076413761,509940.8876197458,1555410.1106154982,ANTIBIOTICO + ANTIFUNGICO CREMA,Cliente 5,1
2026-07-01,960747.2760699993,505241.2585208797,1546517.9228454102,ANTIBIOTICO + ANTIFUNGICO CREMA,Cliente 5,1
2026-08-01,945217.9315805746,580068.4024755001,1621268.763567009,ANTIBIOTICO + ANTIFUNGICO CREMA,Cliente 5,1
2026-09-01,862443.7589702302,477727.8175708507,1515321.4570716321,ANTIBIOTICO + ANTIFUNGICO CREMA,Cliente 5,1
2025-10-01,1131323.4854526033,273837.8136999303,2323762.946191975,ANTIBIOTICO + ANTIFUNGICO CREMA,Cliente Otros,1
2025-11-01,881428.6285479227,-250021.25487339028,1957524.6907700028,ANTIBIOTICO + ANTIFUNGICO CREMA,Cliente Otros,1
2025-12-01,604859.6345037672,-712462.7118799657,1343040.3032657725,ANTIBIOTICO + ANTIFUNGICO CREMA,Cliente Otros,1
2026-01-01,783650.4134047645,-692118.6156246059,1399261.7295511065,ANTIBIOTICO + ANTIFUNGICO CREMA,Cliente Otros,1
2026-02-01,806292.3421885875,-200700.4592014548,1834685.8054798082,ANTIBIOTICO + ANTIFUNGICO CREMA,Cliente Otros,1
2026-03-01,754081.124435142,-124248.77164982012,1997632.9736236962,ANTIBIOTICO + ANTIFUNGICO CREMA,Cliente Otros,1
2026-04-01,809663.7110898286,98648.39424366334,2219153.9249486583,ANTIBIOTICO + ANTIFUNGICO CREMA,Cliente Otros,1
2026-05-01,875174.6080800769,210425.33922042983,2286182.7011623173,ANTIBIOTICO + ANTIFUNGICO CREMA,Cliente Otros,1
2026-06-01,1085510.7113752535,-340126.5102442482,1843231.4117770721,ANTIBIOTICO + ANTIFUNGICO CREMA,Cliente Otros,1
2026-07-01,1089213.2729225464,481350.5641385718,2491705.815974885,ANTIBIOTICO + ANTIFUNGICO CREMA,Cliente Otros,1
2026-08-01,820307.479633708,-401476.7191992235,1744061.587788459,ANTIBIOTICO + ANTIFUNGICO CREMA,Cliente Otros,1
2026-09-01,765585.326351407,-363195.9773415581,1790066.5705671655,ANTIBIOTICO + ANTIFUNGICO CREMA,Cliente Otros,1
2025-10-01,333556.9804341965,-67378.27972538925,1841379.920509528,ANTIBIOTICO SOLUCIONES INYECTABLE 2,Cliente 1,0
2025-11-01,278715.37749945297,-261253.2446050961,1750813.3002141316,ANTIBIOTICO SOLUCIONES INYECTABLE 2,Cliente 1,0
2025-12-01,298475.7811455465,17805.125978329834,1882734.2554619026,ANTIBIOTICO SOLUCIONES INYECTABLE 2,Cliente 1,0
2026-01-01,360797.3689037224,-66838.63342043106,1831882.7711964636,ANTIBIOTICO SOLUCIONES INYECTABLE 2,Cliente 1,0
2026-02-01,403122.4901885011,-62462.85482254931,1994198.651363258,ANTIBIOTICO SOLUCIONES INYECTABLE 2,Cliente 1,0
2026-03-01,324698.01676600036,-71703.74004901973,1799855.9991978267,ANTIBIOTICO SOLUCIONES INYECTABLE 2,Cliente 1,0
2026-04-01,325759.8028195129,-276918.6152880549,1775044.6303782684,ANTIBIOTICO SOLUCIONES INYECTABLE 2,Cliente 1,0
2026-05-01,323566.3056473776,-236497.57976816676,1770164.19865119,ANTIBIOTICO SOLUCIONES INYECTABLE 2,Cliente 1,0
2026-06-01,281681.8889385855,-328500.20315108146,1629825.5016366816,ANTIBIOTICO SOLUCIONES INYECTABLE 2,Cliente 1,0
2026-07-01,290107.25365312246,-247374.63852619915,1691258.679347929,ANTIBIOTICO SOLUCIONES INYECTABLE 2,Cliente 1,0
2026-08-01,283190.522912094,-270447.9917524263,1647042.7828478182,ANTIBIOTICO SOLUCIONES INYECTABLE 2,Cliente 1,0
2026-09-01,289090.0831824466,-398345.6770874434,1560357.3087606004,ANTIBIOTICO SOLUCIONES INYECTABLE 2,Cliente 1,0
2025-10-01,125661.55571970408,-99123.43667842432,544459.7150720084,ANTIBIOTICO SOLUCIONES INYECTABLE 2,Cliente 2,0
2025-11-01,122333.9045116089,-119697.32114725777,492455.5101008156,ANTIBIOTICO SOLUCIONES INYECTABLE 2,Cliente 2,0
2025-12-01,70783.05613671047,-233369.63419309186,399706.3049622636,ANTIBIOTICO SOLUCIONES INYECTABLE 2,Cliente 2,0
2026-01-01,234491.1350129504,-15347.846270149208,616219.8386482726,ANTIBIOTICO SOLUCIONES INYECTABLE 2,Cliente 2,0
2026-02-01,86192.68337903418,-204380.18312439957,428210.0847015927,ANTIBIOTICO SOLUCIONES INYECTABLE 2,Cliente 2,0
2026-03-01,285842.3368627494,124572.04204529342,748754.7178886732,ANTIBIOTICO SOLUCIONES INYECTABLE 2,Cliente 2,0
2026-04-01,122896.05257616185,-85559.94573292625,527682.4994548073,ANTIBIOTICO SOLUCIONES INYECTABLE 2,Cliente 2,0
2026-05-01,39166.24102128814,-304480.77693270467,327046.811706981,ANTIBIOTICO SOLUCIONES INYECTABLE 2,Cliente 2,0
2026-06-01,135188.35441495778,-107248.41463746635,504622.64911677426,ANTIBIOTICO SOLUCIONES INYECTABLE 2,Cliente 2,0
2026-07-01,131157.60494263013,-71476.07271980413,562417.2227766197,ANTIBIOTICO SOLUCIONES INYECTABLE 2,Cliente 2,0
2026-08-01,40072.86805832668,-273093.75337304256,343595.10662379157,ANTIBIOTICO SOLUCIONES INYECTABLE 2,Cliente 2,0
2026-09-01,42196.15432606448,-277303.1646219,370816.88906024577,ANTIBIOTICO SOLUCIONES INYECTABLE 2,Cliente 2,0
2025-10-01,977774.6934051943,144204.02381360508,3976298.858538924,ANTIBIOTICO SOLUCIONES INYECTABLE 2,Cliente 3,3
2025-11-01,828268.384288738,-285554.2195439224,3763471.711392244,ANTIBIOTICO SOLUCIONES INYECTABLE 2,Cliente 3,3
2025-12-01,330073.55469091167,-1500604.382046356,2635852.027791767,ANTIBIOTICO SOLUCIONES INYECTABLE 2,Cliente 3,3
2026-01-01,1165124.4033744473,-128877.01793991185,3918334.278795814,ANTIBIOTICO SOLUCIONES INYECTABLE 2,Cliente 3,3
2026-02-01,356142.0074946037,-1677148.5489295144,2313759.0548407463,ANTIBIOTICO SOLUCIONES INYECTABLE 2,Cliente 3,3
2026-03-01,489848.04311659216,-1884673.9215801607,2280306.381653165,ANTIBIOTICO SOLUCIONES INYECTABLE 2,Cliente 3,3
2026-04-01,1003556.3373454725,-228751.2007764681,3837108.943933831,ANTIBIOTICO SOLUCIONES INYECTABLE 2,Cliente 3,3
2026-05-01,197909.04053974754,-1896068.610246329,2028318.9907486758,ANTIBIOTICO SOLUCIONES INYECTABLE 2,Cliente 3,3
2026-06-01,228993.5472730111,-2060798.1035509908,2002050.5551135044,ANTIBIOTICO SOLUCIONES INYECTABLE 2,Cliente 3,3
2026-07-01,815620.4369321387,-581505.8726698143,3422636.5318220826,ANTIBIOTICO SOLUCIONES INYECTABLE 2,Cliente 3,3
2026-08-01,219016.1999492465,-1987578.5259397067,1949345.0922159227,ANTIBIOTICO SOLUCIONES INYECTABLE 2,Cliente 3,3
2026-09-01,433335.6306326439,-1406329.3860080417,2578510.004550624,ANTIBIOTICO SOLUCIONES INYECTABLE 2,Cliente 3,3
2025-10-01,230812.49159334126,-215661.76551823766,1279246.3917211685,ANTIBIOTICO SOLUCIONES INYECTABLE 2,Cliente 5,0
2025-11-01,55526.30863686643,-599828.590406091,854501.4214038027,ANTIBIOTICO SOLUCIONES INYECTABLE 2,Cliente 5,0
2025-12-01,169434.57458517756,-404076.2410789916,1052868.3526235647,ANTIBIOTICO SOLUCIONES INYECTABLE 2,Cliente 5,0
2026-01-01,181509.85708599442,-467530.5386760695,993317.2803888241,ANTIBIOTICO SOLUCIONES INYECTABLE 2,Cliente 5,0
2026-02-01,245782.40933653852,-270116.1408853642,1182068.9276176924,ANTIBIOTICO SOLUCIONES INYECTABLE 2,Cliente 5,0
2026-03-01,343503.8453240776,-159821.97296469292,1304005.3740475576,ANTIBIOTICO SOLUCIONES INYECTABLE 2,Cliente 5,0
2026-04-01,-2882.927603468595,-854072.8675030416,531618.800486767,ANTIBIOTICO SOLUCIONES INYECTABLE 2,Cliente 5,0
2026-05-01,12461.59809919991,-816936.4174505121,561491.1436239274,ANTIBIOTICO SOLUCIONES INYECTABLE 2,Cliente 5,0
2026-06-01,37791.82764581021,-815787.2095648773,638581.985829632,ANTIBIOTICO SOLUCIONES INYECTABLE 2,Cliente 5,0
2026-07-01,-10727.62927193874,-887434.2854222534,542373.088862085,ANTIBIOTICO SOLUCIONES INYECTABLE 2,Cliente 5,0
2026-08-01,146979.30657430112,-559167.0202750475,892700.4302198621,ANTIBIOTICO SOLUCIONES INYECTABLE 2,Cliente 5,0
2026-09-01,72526.95210765618,-651464.8450220012,654550.0236042012,ANTIBIOTICO SOLUCIONES INYECTABLE 2,Cliente 5,0
2025-10-01,467208.12660033023,140821.01155910836,1212823.628778903,ANTIBIOTICO SOLUCIONES INYECTABLE 2,Cliente Otros,0
2025-11-01,153119.50330356834,-292217.6059815427,758627.6202108898,ANTIBIOTICO SOLUCIONES INYECTABLE 2,Cliente Otros,0
2025-12-01,132576.9865567189,-302194.80688915047,752489.862404638,ANTIBIOTICO SOLUCIONES INYECTABLE 2,Cliente Otros,0
2026-01-01,288581.96252942266,-117324.2282084288,928479.6244819722,ANTIBIOTICO SOLUCIONES INYECTABLE 2,Cliente Otros,0
2026-02-01,199661.07568243178,-231512.5919296124,852235.169325264,ANTIBIOTICO SOLUCIONES INYECTABLE 2,Cliente Otros,0
2026-03-01,149997.3940885278,-322446.9832254333,721998.6784496696,ANTIBIOTICO SOLUCIONES INYECTABLE 2,Cliente Otros,0
2026-04-01,227786.6965092687,-252930.20719542846,784998.5669141399,ANTIBIOTICO SOLUCIONES INYECTABLE 2,Cliente Otros,0
2026-05-01,178493.28519523225,-413641.23039334785,679452.3088613463,ANTIBIOTICO SOLUCIONES INYECTABLE 2,Cliente Otros,0
2026-06-01,109209.1840793905,-390314.5181113273,640985.7547590452,ANTIBIOTICO SOLUCIONES INYECTABLE 2,Cliente Otros,0
2026-07-01,167764.02265877312,-322198.9486949548,709984.3838932373,ANTIBIOTICO SOLUCIONES INYECTABLE 2,Cliente Otros,0
2026-08-01,178358.927590017,-284162.5827477539,733947.873878891,ANTIBIOTICO SOLUCIONES INYECTABLE 2,Cliente Otros,0
2026-09-01,296058.4782097523,-158317.2628490297,920170.4703042016,ANTIBIOTICO SOLUCIONES INYECTABLE 2,Cliente Otros,0
2025-10-01,274572.60352360504,115035.08193218484,2039834.9698779683,ANTIBIOTICO SOLUCIONES INYECTABLE 3,Cliente 1,0
2025-11-01,224632.22629342182,-158137.5977900935,1651301.008987923,ANTIBIOTICO SOLUCIONES INYECTABLE 3,Cliente 1,0
2025-12-01,186916.49814836975,-94635.40547839586,1847092.396742115,ANTIBIOTICO SOLUCIONES INYECTABLE 3,Cliente 1,0
2026-01-01,218333.82897162903,-187888.76996295975,1676842.7386042846,ANTIBIOTICO SOLUCIONES INYECTABLE 3,Cliente 1,0
2026-02-01,313913.43611931935,54337.49436451597,1933232.3487526826,ANTIBIOTICO SOLUCIONES INYECTABLE 3,Cliente 1,0
2026-03-01,221078.6035803051,-207091.90781999793,1717633.343732648,ANTIBIOTICO SOLUCIONES INYECTABLE 3,Cliente 1,0
2026-04-01,198357.12635899486,-9773.380850942425,1923025.6559975478,ANTIBIOTICO SOLUCIONES INYECTABLE 3,Cliente 1,0
2026-05-01,215293.40143157876,-138035.30666065475,1773574.8176584751,ANTIBIOTICO SOLUCIONES INYECTABLE 3,Cliente 1,0
2026-06-01,210857.61681196713,-254430.4353500763,1669366.8148774304,ANTIBIOTICO SOLUCIONES INYECTABLE 3,Cliente 1,0
2026-07-01,195732.59059403013,-242667.3043010394,1655297.394347637,ANTIBIOTICO SOLUCIONES INYECTABLE 3,Cliente 1,0
2026-08-01,197340.7974168988,-418927.0179247636,1487611.104615723,ANTIBIOTICO SOLUCIONES INYECTABLE 3,Cliente 1,0
2026-09-01,227997.91613925717,-277998.1512773375,1646140.6013848314,ANTIBIOTICO SOLUCIONES INYECTABLE 3,Cliente 1,0
2025-10-01,123096.01039191558,-24754.49583382325,382957.13551973336,ANTIBIOTICO SOLUCIONES INYECTABLE 3,Cliente 2,0
2025-11-01,141615.16984746492,-1416.874889787041,428520.8138154737,ANTIBIOTICO SOLUCIONES INYECTABLE 3,Cliente 2,0
2025-12-01,108182.25083426344,-97032.29651324588,327539.51139085845,ANTIBIOTICO SOLUCIONES INYECTABLE 3,Cliente 2,0
2026-01-01,301258.49283848796,145813.4393762617,574203.5428814767,ANTIBIOTICO SOLUCIONES INYECTABLE 3,Cliente 2,0
2026-02-01,228286.21266032607,66545.43298441984,452006.89068001753,ANTIBIOTICO SOLUCIONES INYECTABLE 3,Cliente 2,0
2026-03-01,196377.86890537784,110198.13653191188,534301.0855734893,ANTIBIOTICO SOLUCIONES INYECTABLE 3,Cliente 2,0
2026-04-01,141053.38521292259,-15724.625717937386,390588.2218539786,ANTIBIOTICO SOLUCIONES INYECTABLE 3,Cliente 2,0
2026-05-01,103477.2739518636,-119104.94308969655,287428.56254917884,ANTIBIOTICO SOLUCIONES INYECTABLE 3,Cliente 2,0
2026-06-01,95915.93951367917,-37690.387921812755,371562.2907333163,ANTIBIOTICO SOLUCIONES INYECTABLE 3,Cliente 2,0
2026-07-01,84380.19561080425,-62420.919152788854,385221.87026681285,ANTIBIOTICO SOLUCIONES INYECTABLE 3,Cliente 2,0
2026-08-01,86350.328793626,-45354.904092483004,368461.02250175836,ANTIBIOTICO SOLUCIONES INYECTABLE 3,Cliente 2,0
2026-09-01,91469.3122165441,-105697.66194330639,319391.7319104481,ANTIBIOTICO SOLUCIONES INYECTABLE 3,Cliente 2,0
2025-10-01,712160.9098647311,-408617.36121910455,3990272.282651861,ANTIBIOTICO SOLUCIONES INYECTABLE 3,Cliente 3,3
2025-11-01,547970.7218664171,-564916.0809293363,3773962.2857787875,ANTIBIOTICO SOLUCIONES INYECTABLE 3,Cliente 3,3
2025-12-01,192300.43362806758,-1873025.8222871313,2489386.1240964388,ANTIBIOTICO SOLUCIONES INYECTABLE 3,Cliente 3,3
2026-01-01,568598.3468563192,-675117.0363273687,3622563.33495833,ANTIBIOTICO SOLUCIONES INYECTABLE 3,Cliente 3,3
2026-02-01,234818.71744056037,-1899092.3578632462,2411031.5358208776,ANTIBIOTICO SOLUCIONES INYECTABLE 3,Cliente 3,3
2026-03-01,291681.0329979569,-1623340.2653926888,2654822.5922755385,ANTIBIOTICO SOLUCIONES INYECTABLE 3,Cliente 3,3
2026-04-01,647729.3531216074,-301031.47219185473,4082219.5177588114,ANTIBIOTICO SOLUCIONES INYECTABLE 3,Cliente 3,3
2026-05-01,131630.8953414515,-2049955.4449997814,2397985.7465084377,ANTIBIOTICO SOLUCIONES INYECTABLE 3,Cliente 3,3
2026-06-01,80203.93416058377,-2174531.6146005336,2049894.062529553,ANTIBIOTICO SOLUCIONES INYECTABLE 3,Cliente 3,3
2026-07-01,388402.9799377557,-970225.5320581015,3232085.6685978053,ANTIBIOTICO SOLUCIONES INYECTABLE 3,Cliente 3,3
2026-08-01,74499.81011675553,-2225765.2693184945,2130733.893745874,ANTIBIOTICO SOLUCIONES INYECTABLE 3,Cliente 3,3
2026-09-01,299074.5324753436,-1415449.4834347172,2694199.238255965,ANTIBIOTICO SOLUCIONES INYECTABLE 3,Cliente 3,3
2025-10-01,199088.6586657466,-337.41826803485276,1277898.414372414,ANTIBIOTICO SOLUCIONES INYECTABLE 3,Cliente 5,0
2025-11-01,160506.61998172416,-127673.95865977564,1206575.3296359126,ANTIBIOTICO SOLUCIONES INYECTABLE 3,Cliente 5,0
2025-12-01,89227.61201013833,-161352.24838411403,1106857.3646073302,ANTIBIOTICO SOLUCIONES INYECTABLE 3,Cliente 5,0
2026-01-01,179524.714875897,135994.64053349075,1451960.8489951228,ANTIBIOTICO SOLUCIONES INYECTABLE 3,Cliente 5,0
2026-02-01,191644.40833127228,62671.90849070289,1367059.7474666955,ANTIBIOTICO SOLUCIONES INYECTABLE 3,Cliente 5,0
2026-03-01,156795.7717543572,-163022.99489836942,1134973.162209171,ANTIBIOTICO SOLUCIONES INYECTABLE 3,Cliente 5,0
2026-04-01,137473.4379838346,-465803.3776831766,820949.8196738148,ANTIBIOTICO SOLUCIONES INYECTABLE 3,Cliente 5,0
2026-05-01,117905.75863758412,-457253.01208210265,848644.0959206533,ANTIBIOTICO SOLUCIONES INYECTABLE 3,Cliente 5,0
2026-06-01,119811.26714226941,-582565.7810614262,752847.2004225659,ANTIBIOTICO SOLUCIONES INYECTABLE 3,Cliente 5,0
2026-07-01,111600.8914798028,-486554.476774815,789858.6940131085,ANTIBIOTICO SOLUCIONES INYECTABLE 3,Cliente 5,0
2026-08-01,187675.958007309,-306766.66510741244,1040297.7341458865,ANTIBIOTICO SOLUCIONES INYECTABLE 3,Cliente 5,0
2026-09-01,141031.18031316946,-409400.39056002453,849033.9865048811,ANTIBIOTICO SOLUCIONES INYECTABLE 3,Cliente 5,0
2025-10-01,288134.7014913922,126952.6346505423,1431710.0239843018,ANTIBIOTICO SOLUCIONES INYECTABLE 3,Cliente Otros,0
2025-11-01,157082.8002542799,-319969.2423142782,996228.1995933127,ANTIBIOTICO SOLUCIONES INYECTABLE 3,Cliente Otros,0
2025-12-01,102107.05373738131,-432960.90134822007,871368.5566846968,ANTIBIOTICO SOLUCIONES INYECTABLE 3,Cliente Otros,0
2026-01-01,286633.24955815804,38230.405306265944,1356841.3910486556,ANTIBIOTICO SOLUCIONES INYECTABLE 3,Cliente Otros,0
2026-02-01,185456.16113428937,-197740.12085938387,1111905.487388059,ANTIBIOTICO SOLUCIONES INYECTABLE 3,Cliente Otros,0
2026-03-01,136124.18609600575,-355156.09480419254,950126.6777935881,ANTIBIOTICO SOLUCIONES INYECTABLE 3,Cliente Otros,0
2026-04-01,248935.42497050273,-57605.160707503,1228194.3070224398,ANTIBIOTICO SOLUCIONES INYECTABLE 3,Cliente Otros,0
2026-05-01,111833.5604141935,-481884.1651480714,855098.5179482512,ANTIBIOTICO SOLUCIONES INYECTABLE 3,Cliente Otros,0
2026-06-01,97652.1107388322,-495452.0275328635,786900.899754621,ANTIBIOTICO SOLUCIONES INYECTABLE 3,Cliente Otros,0
2026-07-01,176039.71196738724,-271738.9385481114,1114095.014659512,ANTIBIOTICO SOLUCIONES INYECTABLE 3,Cliente Otros,0
2026-08-01,134795.25663716605,-339294.61745385005,968192.6239168227,ANTIBIOTICO SOLUCIONES INYECTABLE 3,Cliente Otros,0
2026-09-01,120755.30526448683,-407886.4451536847,937484.9674866255,ANTIBIOTICO SOLUCIONES INYECTABLE 3,Cliente Otros,0
2025-10-01,491163.57689107856,208922.3545769463,1197019.291265797,ANTIBIOTICO SOLUCIONES INYECTABLE ADULTO,Cliente 1,0
2025-11-01,459318.7625276802,168185.5518548568,1178999.4087613903,ANTIBIOTICO SOLUCIONES INYECTABLE ADULTO,Cliente 1,0
2025-12-01,443424.1919718023,157492.704337739,1156350.8475492815,ANTIBIOTICO SOLUCIONES INYECTABLE ADULTO,Cliente 1,0
2026-01-01,376933.0048151004,128415.39015095159,1135298.3010002766,ANTIBIOTICO SOLUCIONES INYECTABLE ADULTO,Cliente 1,0
2026-02-01,598061.1637271614,394210.78263127524,1434430.3952062172,ANTIBIOTICO SOLUCIONES INYECTABLE ADULTO,Cliente 1,0
2026-03-01,465631.8908728144,206161.4848362576,1179675.4773725048,ANTIBIOTICO SOLUCIONES INYECTABLE ADULTO,Cliente 1,0
2026-04-01,429480.311070153,116973.6942837496,1144604.5100801282,ANTIBIOTICO SOLUCIONES INYECTABLE ADULTO,Cliente 1,0
2026-05-01,470663.9415101078,202114.754512587,1186841.3400219588,ANTIBIOTICO SOLUCIONES INYECTABLE ADULTO,Cliente 1,0
2026-06-01,349701.62022595434,370045.1587409417,1398633.092898406,ANTIBIOTICO SOLUCIONES INYECTABLE ADULTO,Cliente 1,0
2026-07-01,349685.84208019596,120698.62318633935,1139372.000998932,ANTIBIOTICO SOLUCIONES INYECTABLE ADULTO,Cliente 1,0
2026-08-01,446363.6321349097,101542.4255454494,1086429.1101343555,ANTIBIOTICO SOLUCIONES INYECTABLE ADULTO,Cliente 1,0
2026-09-01,413970.63769830967,-31886.248022561645,969111.0895501788,ANTIBIOTICO SOLUCIONES INYECTABLE ADULTO,Cliente 1,0
2025-10-01,159856.611682641,-68908.36096485943,458710.0400633502,ANTIBIOTICO SOLUCIONES INYECTABLE ADULTO,Cliente 2,0
2025-11-01,160587.1199427904,-48077.64705766878,462930.5160753749,ANTIBIOTICO SOLUCIONES INYECTABLE ADULTO,Cliente 2,0
2025-12-01,134232.23234980102,-42756.417223327386,480203.21013462066,ANTIBIOTICO SOLUCIONES INYECTABLE ADULTO,Cliente 2,0
2026-01-01,313125.46794134064,143159.79138800676,666031.1478386516,ANTIBIOTICO SOLUCIONES INYECTABLE ADULTO,Cliente 2,0
2026-02-01,157632.74464093105,-69358.00199364773,444137.9202257881,ANTIBIOTICO SOLUCIONES INYECTABLE ADULTO,Cliente 2,0
2026-03-01,170432.72648416916,18598.935886851978,544969.5439374133,ANTIBIOTICO SOLUCIONES INYECTABLE ADULTO,Cliente 2,0
2026-04-01,149510.58298207304,26261.6624113216,541600.9127180956,ANTIBIOTICO SOLUCIONES INYECTABLE ADULTO,Cliente 2,0
2026-05-01,107066.78271618944,-142792.1397970951,386175.2139747407,ANTIBIOTICO SOLUCIONES INYECTABLE ADULTO,Cliente 2,0
2026-06-01,97027.01674776404,-129894.14784417309,403521.1506056633,ANTIBIOTICO SOLUCIONES INYECTABLE ADULTO,Cliente 2,0
2026-07-01,130508.00048703999,-21962.263574750563,508707.4110963505,ANTIBIOTICO SOLUCIONES INYECTABLE ADULTO,Cliente 2,0
2026-08-01,109586.31866435772,-97921.2450873385,400372.6463126851,ANTIBIOTICO SOLUCIONES INYECTABLE ADULTO,Cliente 2,0
2026-09-01,175338.9942680445,-174253.0153652938,355162.9656299805,ANTIBIOTICO SOLUCIONES INYECTABLE ADULTO,Cliente 2,0
2025-10-01,264526.78266201174,-628987.2655082332,981675.447443783,ANTIBIOTICO SOLUCIONES INYECTABLE ADULTO,Cliente 3,0
2025-11-01,437360.27580027835,-134666.506743128,1455008.3257465318,ANTIBIOTICO SOLUCIONES INYECTABLE ADULTO,Cliente 3,0
2025-12-01,455684.31997640705,-100375.85982344548,1391798.5234309689,ANTIBIOTICO SOLUCIONES INYECTABLE ADULTO,Cliente 3,0
2026-01-01,696704.182386422,202953.75336477297,1710369.3605361138,ANTIBIOTICO SOLUCIONES INYECTABLE ADULTO,Cliente 3,0
2026-02-01,377176.17392012826,-283171.0943543925,1247290.5139384016,ANTIBIOTICO SOLUCIONES INYECTABLE ADULTO,Cliente 3,0
2026-03-01,417260.02502205333,-255208.25777421403,1227397.7659040568,ANTIBIOTICO SOLUCIONES INYECTABLE ADULTO,Cliente 3,0
2026-04-01,436204.71474073594,-128190.96247461994,1445517.2421179016,ANTIBIOTICO SOLUCIONES INYECTABLE ADULTO,Cliente 3,0
2026-05-01,227170.91711984237,-654682.384525387,898020.1174192711,ANTIBIOTICO SOLUCIONES INYECTABLE ADULTO,Cliente 3,0
2026-06-01,274747.78334249114,-547431.670289507,1004011.2366580161,ANTIBIOTICO SOLUCIONES INYECTABLE ADULTO,Cliente 3,0
2026-07-01,439773.2544861762,-192730.24897259823,1294627.0845343012,ANTIBIOTICO SOLUCIONES INYECTABLE ADULTO,Cliente 3,0
2026-08-01,317597.2862377017,-549097.1470151088,987553.5335853328,ANTIBIOTICO SOLUCIONES INYECTABLE ADULTO,Cliente 3,0
2026-09-01,399842.2059397534,-523337.849630645,976559.6415153174,ANTIBIOTICO SOLUCIONES INYECTABLE ADULTO,Cliente 3,0
2025-10-01,123404.79557683777,46266.94978578957,316546.0923526469,ANTIBIOTICO SOLUCIONES INYECTABLE ADULTO,Cliente 5,0
2025-11-01,170676.1914218534,120366.45837283034,382663.29662241,ANTIBIOTICO SOLUCIONES INYECTABLE ADULTO,Cliente 5,0
2025-12-01,147068.15529590065,82519.73801070187,340052.24961427785,ANTIBIOTICO SOLUCIONES INYECTABLE ADULTO,Cliente 5,0
2026-01-01,164381.25656217127,103781.30146213627,350362.539636729,ANTIBIOTICO SOLUCIONES INYECTABLE ADULTO,Cliente 5,0
2026-02-01,181250.6383337345,130316.58480589435,396768.72737677844,ANTIBIOTICO SOLUCIONES INYECTABLE ADULTO,Cliente 5,0
2026-03-01,92909.31856351688,-11882.804865163045,252516.05174280872,ANTIBIOTICO SOLUCIONES INYECTABLE ADULTO,Cliente 5,0
2026-04-01,108307.5938162164,-1847.376428776597,255205.41384147992,ANTIBIOTICO SOLUCIONES INYECTABLE ADULTO,Cliente 5,0
2026-05-01,96589.93992418617,13156.441864017994,259910.53412728003,ANTIBIOTICO SOLUCIONES INYECTABLE ADULTO,Cliente 5,0
2026-06-01,85054.53419522205,15976.644189647594,274314.0985896098,ANTIBIOTICO SOLUCIONES INYECTABLE ADULTO,Cliente 5,0
2026-07-01,132083.24459220874,39184.6780127312,307173.7870001033,ANTIBIOTICO SOLUCIONES INYECTABLE ADULTO,Cliente 5,0
2026-08-01,139561.43401518534,22794.212554222686,290641.9917288406,ANTIBIOTICO SOLUCIONES INYECTABLE ADULTO,Cliente 5,0
2026-09-01,103999.5538262941,2779.6960234569833,264838.3133091791,ANTIBIOTICO SOLUCIONES INYECTABLE ADULTO,Cliente 5,0
2025-10-01,220030.7030447491,128907.52770433984,468767.0425446258,ANTIBIOTICO SOLUCIONES INYECTABLE ADULTO,Cliente Otros,0
2025-11-01,262544.2931073273,131172.51740760848,494547.8229874564,ANTIBIOTICO SOLUCIONES INYECTABLE ADULTO,Cliente Otros,0
2025-12-01,246337.8209286184,114787.37028828019,470132.9813962801,ANTIBIOTICO SOLUCIONES INYECTABLE ADULTO,Cliente Otros,0
2026-01-01,436081.8456467346,329185.1705017054,674045.4077905817,ANTIBIOTICO SOLUCIONES INYECTABLE ADULTO,Cliente Otros,0
2026-02-01,194959.05002625065,22667.31901010827,364454.9075539178,ANTIBIOTICO SOLUCIONES INYECTABLE ADULTO,Cliente Otros,0
2026-03-01,188130.25909228637,-2473.515179282785,363317.2530069326,ANTIBIOTICO SOLUCIONES INYECTABLE ADULTO,Cliente Otros,0
2026-04-01,181948.30747903642,1015.9832506661845,385003.17939034,ANTIBIOTICO SOLUCIONES INYECTABLE ADULTO,Cliente Otros,0
2026-05-01,211334.37483885835,60281.63519694279,431044.4191359857,ANTIBIOTICO SOLUCIONES INYECTABLE ADULTO,Cliente Otros,0
2026-06-01,176170.10518153504,65404.765364792605,414404.4318201974,ANTIBIOTICO SOLUCIONES INYECTABLE ADULTO,Cliente Otros,0
2026-07-01,197976.70698299594,86768.2396604074,445112.8937960153,ANTIBIOTICO SOLUCIONES INYECTABLE ADULTO,Cliente Otros,0
2026-08-01,289774.2850064479,216660.17202161773,567368.5355955597,ANTIBIOTICO SOLUCIONES INYECTABLE ADULTO,Cliente Otros,0
2026-09-01,264874.1101414186,106578.38769808748,465274.23181219964,ANTIBIOTICO SOLUCIONES INYECTABLE ADULTO,Cliente Otros,0
2025-10-01,174450.8276781152,165451.81470055046,730909.8312899313,ANTIPIRETICO SOLUCION PEDRIATRICO,Cliente 1,0
2025-11-01,157475.4032430355,120797.52359495556,656691.7044654917,ANTIPIRETICO SOLUCION PEDRIATRICO,Cliente 1,0
2025-12-01,144658.63240981408,57836.623458980066,589316.089252338,ANTIPIRETICO SOLUCION PEDRIATRICO,Cliente 1,0
2026-01-01,207042.46911297852,68556.67164197465,593921.214710363,ANTIPIRETICO SOLUCION PEDRIATRICO,Cliente 1,0
2026-02-01,212814.546546106,110163.96928151046,647697.783699988,ANTIPIRETICO SOLUCION PEDRIATRICO,Cliente 1,0
2026-03-01,170777.05778396697,16071.250711042134,544784.3888168387,ANTIPIRETICO SOLUCION PEDRIATRICO,Cliente 1,0
2026-04-01,197107.1119026553,83923.57605119147,619873.9519231328,ANTIPIRETICO SOLUCION PEDRIATRICO,Cliente 1,0
2026-05-01,186908.9746641571,52006.60740404202,564971.930502242,ANTIPIRETICO SOLUCION PEDRIATRICO,Cliente 1,0
2026-06-01,201400.12929719096,26234.945919118803,599102.436006493,ANTIPIRETICO SOLUCION PEDRIATRICO,Cliente 1,0
2026-07-01,187739.53101909743,24508.55344174566,563287.9197398458,ANTIPIRETICO SOLUCION PEDRIATRICO,Cliente 1,0
2026-08-01,171493.67706190972,-2514.121975734885,545411.7778855818,ANTIPIRETICO SOLUCION PEDRIATRICO,Cliente 1,0
2026-09-01,178737.9211218337,25830.89135801794,570414.1849293876,ANTIPIRETICO SOLUCION PEDRIATRICO,Cliente 1,0
2025-10-01,59864.48836097195,-72064.4441591232,206403.40425866543,ANTIPIRETICO SOLUCION PEDRIATRICO,Cliente 2,0
2025-11-01,101490.60413016449,46398.713828895336,323014.4039467126,ANTIPIRETICO SOLUCION PEDRIATRICO,Cliente 2,0
2025-12-01,58720.83704682362,-88080.72293352903,187154.86323335345,ANTIPIRETICO SOLUCION PEDRIATRICO,Cliente 2,0
2026-01-01,74158.9129639155,-86689.89649040572,189440.79051381693,ANTIPIRETICO SOLUCION PEDRIATRICO,Cliente 2,0
2026-02-01,50712.74502067334,-87019.52763433558,197823.3643141294,ANTIPIRETICO SOLUCION PEDRIATRICO,Cliente 2,0
2026-03-01,86317.26700728039,38819.67466227233,317876.2043265671,ANTIPIRETICO SOLUCION PEDRIATRICO,Cliente 2,0
2026-04-01,69140.41767239959,-68736.11608630196,210195.8625826078,ANTIPIRETICO SOLUCION PEDRIATRICO,Cliente 2,0
2026-05-01,39404.03573489133,-133392.30894524755,142489.1480074508,ANTIPIRETICO SOLUCION PEDRIATRICO,Cliente 2,0
2026-06-01,65888.44876842633,-40951.41964236826,237403.6957127776,ANTIPIRETICO SOLUCION PEDRIATRICO,Cliente 2,0
2026-07-01,41969.39176123601,-110689.50737774352,172997.9264591484,ANTIPIRETICO SOLUCION PEDRIATRICO,Cliente 2,0
2026-08-01,65410.528595055825,-102824.11772502313,191758.4325165112,ANTIPIRETICO SOLUCION PEDRIATRICO,Cliente 2,0
2026-09-01,84855.02632719353,-2014.349700437702,272974.06220007624,ANTIPIRETICO SOLUCION PEDRIATRICO,Cliente 2,0
2025-10-01,132897.8260512849,-1109.8063651619661,403779.44129191636,ANTIPIRETICO SOLUCION PEDRIATRICO,Cliente 3,0
2025-11-01,245933.74284676483,67803.09171272907,485186.5152810433,ANTIPIRETICO SOLUCION PEDRIATRICO,Cliente 3,0
2025-12-01,125164.69134794478,31915.284775074633,463494.069429825,ANTIPIRETICO SOLUCION PEDRIATRICO,Cliente 3,0
2026-01-01,106184.22430619133,-16909.537379377067,426657.0640911865,ANTIPIRETICO SOLUCION PEDRIATRICO,Cliente 3,0
2026-02-01,99181.42475337775,-137411.21884432956,310369.11795608856,ANTIPIRETICO SOLUCION PEDRIATRICO,Cliente 3,0
2026-03-01,106019.45878092863,-88102.23680986009,371767.4545608662,ANTIPIRETICO SOLUCION PEDRIATRICO,Cliente 3,0
2026-04-01,97623.59095777496,-125000.09920959747,313776.25800835114,ANTIPIRETICO SOLUCION PEDRIATRICO,Cliente 3,0
2026-05-01,96941.12597330619,-217918.4396660105,222878.8967427996,ANTIPIRETICO SOLUCION PEDRIATRICO,Cliente 3,0
2026-06-01,142653.25976624916,50790.36630805417,455906.180201564,ANTIPIRETICO SOLUCION PEDRIATRICO,Cliente 3,0
2026-07-01,157839.80410623908,-126781.67977399206,323353.12912447745,ANTIPIRETICO SOLUCION PEDRIATRICO,Cliente 3,0
2026-08-01,151529.055591987,-140508.30932975552,306935.29109953356,ANTIPIRETICO SOLUCION PEDRIATRICO,Cliente 3,0
2026-09-01,141436.48234006262,-82363.02532895732,350662.4898919488,ANTIPIRETICO SOLUCION PEDRIATRICO,Cliente 3,0
2025-10-01,21758.24971901948,-5334.046721393356,67066.01236265151,ANTIPIRETICO SOLUCION PEDRIATRICO,Cliente 5,0
2025-11-01,40927.04770752005,23113.21082922084,99087.11908643432,ANTIPIRETICO SOLUCION PEDRIATRICO,Cliente 5,0
2025-12-01,33524.23895285678,5872.6038306766495,82585.66425735384,ANTIPIRETICO SOLUCION PEDRIATRICO,Cliente 5,0
2026-01-01,8684.737171561734,-21012.842881002693,53843.355888086524,ANTIPIRETICO SOLUCION PEDRIATRICO,Cliente 5,0
2026-02-01,6505.385934843006,-26165.45603104279,48122.047032441646,ANTIPIRETICO SOLUCION PEDRIATRICO,Cliente 5,0
2026-03-01,11222.749845971033,-13261.274901723073,65706.17404728227,ANTIPIRETICO SOLUCION PEDRIATRICO,Cliente 5,0
2026-04-01,5233.3753286204455,-33678.54655273424,39238.41144737057,ANTIPIRETICO SOLUCION PEDRIATRICO,Cliente 5,0
2026-05-01,6788.89072346625,-25210.487574365266,48752.66602814652,ANTIPIRETICO SOLUCION PEDRIATRICO,Cliente 5,0
2026-06-01,9219.095036840368,-33230.81959238395,42644.79871928471,ANTIPIRETICO SOLUCION PEDRIATRICO,Cliente 5,0
2026-07-01,13906.930998014033,-12052.209327422213,65755.85528809785,ANTIPIRETICO SOLUCION PEDRIATRICO,Cliente 5,0
2026-08-01,11696.601874909495,-14786.255369548406,61981.74807259245,ANTIPIRETICO SOLUCION PEDRIATRICO,Cliente 5,0
2026-09-01,11804.987881669791,-25766.681374916447,50377.68217736876,ANTIPIRETICO SOLUCION PEDRIATRICO,Cliente 5,0
2025-10-01,97492.72101932614,8575.667702626151,198056.63399389503,ANTIPIRETICO SOLUCION PEDRIATRICO,Cliente Otros,0
2025-11-01,137798.25723715464,55976.41172004761,232610.0528434298,ANTIPIRETICO SOLUCION PEDRIATRICO,Cliente Otros,0
2025-12-01,70612.67802847378,-35332.02042081561,157250.32007121437,ANTIPIRETICO SOLUCION PEDRIATRICO,Cliente Otros,0
2026-01-01,108529.58437249686,45663.78544028462,225322.65080119888,ANTIPIRETICO SOLUCION PEDRIATRICO,Cliente Otros,0
2026-02-01,59190.88887169383,-36950.04470073225,153521.84052779814,ANTIPIRETICO SOLUCION PEDRIATRICO,Cliente Otros,0
2026-03-01,57083.01809457222,-29349.394875591115,149329.55795789033,ANTIPIRETICO SOLUCION PEDRIATRICO,Cliente Otros,0
2026-04-01,82806.48155629975,-13437.02724716766,177084.1904413535,ANTIPIRETICO SOLUCION PEDRIATRICO,Cliente Otros,0
2026-05-01,99187.01995719581,-3883.658585459896,181561.87288715862,ANTIPIRETICO SOLUCION PEDRIATRICO,Cliente Otros,0
2026-06-01,64777.83561825056,-32701.780244113383,141780.4358846423,ANTIPIRETICO SOLUCION PEDRIATRICO,Cliente Otros,0
2026-07-01,85785.67744060657,-888.2324249794577,183873.9488522854,ANTIPIRETICO SOLUCION PEDRIATRICO,Cliente Otros,0
2026-08-01,48461.69228683887,-63398.648569098725,128558.41542438288,ANTIPIRETICO SOLUCION PEDRIATRICO,Cliente Otros,0
2026-09-01,67756.48927276542,-37479.653207995674,144570.80374336132,ANTIPIRETICO SOLUCION PEDRIATRICO,Cliente Otros,0
2025-10-01,603892.9189357676,427806.4088344128,1759946.6337225863,ANTIPIRETICO SUSPENSION INFANTIL,Cliente 1,1
2025-11-01,577184.2922404743,339534.80379919644,1682613.3368820488,ANTIPIRETICO SUSPENSION INFANTIL,Cliente 1,1
2025-12-01,554143.288211552,323644.8731589246,1641877.6075366235,ANTIPIRETICO SUSPENSION INFANTIL,Cliente 1,1
2026-01-01,837586.657545511,427485.8424492849,1736496.8750058685,ANTIPIRETICO SUSPENSION INFANTIL,Cliente 1,1
2026-02-01,625665.4783712454,290425.1413380978,1647710.8094798643,ANTIPIRETICO SUSPENSION INFANTIL,Cliente 1,1
2026-03-01,673990.7109016973,406076.1702160848,1717505.2438899488,ANTIPIRETICO SUSPENSION INFANTIL,Cliente 1,1
2026-04-01,647717.2316870018,282195.17117828084,1597482.517928384,ANTIPIRETICO SUSPENSION INFANTIL,Cliente 1,1
2026-05-01,618154.5644538538,361208.6704751669,1678564.240620798,ANTIPIRETICO SUSPENSION INFANTIL,Cliente 1,1
2026-06-01,587299.8342416034,242306.58570451374,1521750.1052342171,ANTIPIRETICO SUSPENSION INFANTIL,Cliente 1,1
2026-07-01,597846.3369308342,236837.53417485685,1538572.1565369158,ANTIPIRETICO SUSPENSION INFANTIL,Cliente 1,1
2026-08-01,595100.6583962188,141333.70489227332,1483310.0413435372,ANTIPIRETICO SUSPENSION INFANTIL,Cliente 1,1
2026-09-01,618873.55204767,253632.3873885029,1606879.8457816497,ANTIPIRETICO SUSPENSION INFANTIL,Cliente 1,1
2025-10-01,484700.0384039771,406197.54557676095,1131407.4963425219,ANTIPIRETICO SUSPENSION INFANTIL,Cliente 2,0
2025-11-01,311733.3593267152,-20082.137081197365,780950.834024894,ANTIPIRETICO SUSPENSION INFANTIL,Cliente 2,0
2025-12-01,189508.3786521982,-176111.83912759114,562854.9899835099,ANTIPIRETICO SUSPENSION INFANTIL,Cliente 2,0
2026-01-01,272329.09630723443,-76581.71316465724,686842.5233208977,ANTIPIRETICO SUSPENSION INFANTIL,Cliente 2,0
2026-02-01,204844.62045963775,-88580.9791015358,685959.8235430557,ANTIPIRETICO SUSPENSION INFANTIL,Cliente 2,0
2026-03-01,346803.09241635556,59970.964294654885,811969.2601003575,ANTIPIRETICO SUSPENSION INFANTIL,Cliente 2,0
2026-04-01,91410.21625482582,-277447.2366113538,487758.0087365253,ANTIPIRETICO SUSPENSION INFANTIL,Cliente 2,0
2026-05-01,53856.06868902778,-321037.1158229192,416037.95620007464,ANTIPIRETICO SUSPENSION INFANTIL,Cliente 2,0
2026-06-01,124994.41482759792,-152218.88942318643,562046.9988623396,ANTIPIRETICO SUSPENSION INFANTIL,Cliente 2,0
2026-07-01,160874.37316168047,-149621.30883832325,604313.9520248552,ANTIPIRETICO SUSPENSION INFANTIL,Cliente 2,0
2026-08-01,95344.7582756811,-266972.17022555193,487471.54156985617,ANTIPIRETICO SUSPENSION INFANTIL,Cliente 2,0
2026-09-01,252966.72534114786,-120379.65698509371,648256.9836978858,ANTIPIRETICO SUSPENSION INFANTIL,Cliente 2,0
2025-10-01,338700.3174441247,-402207.10103267914,1691676.2384132051,ANTIPIRETICO SUSPENSION INFANTIL,Cliente 3,0
2025-11-01,1007992.2800639492,586030.9310796901,2649803.132476023,ANTIPIRETICO SUSPENSION INFANTIL,Cliente 3,0
2025-12-01,520112.3192965067,-309335.9321275879,1819017.8598038282,ANTIPIRETICO SUSPENSION INFANTIL,Cliente 3,0
2026-01-01,592947.4493547403,32581.282515031355,2069119.7845018236,ANTIPIRETICO SUSPENSION INFANTIL,Cliente 3,0
2026-02-01,368535.54923807253,-286189.00973862625,1844643.0365936435,ANTIPIRETICO SUSPENSION INFANTIL,Cliente 3,0
2026-03-01,245449.08404842156,-581668.189694374,1396341.7606618328,ANTIPIRETICO SUSPENSION INFANTIL,Cliente 3,0
2026-04-01,672858.6789846501,264298.707820548,2396235.8519168957,ANTIPIRETICO SUSPENSION INFANTIL,Cliente 3,0
2026-05-01,155561.79843053178,-951293.0146125979,1115611.4007434312,ANTIPIRETICO SUSPENSION INFANTIL,Cliente 3,0
2026-06-01,380495.9619418298,-351254.2126294007,1826553.3587775526,ANTIPIRETICO SUSPENSION INFANTIL,Cliente 3,0
2026-07-01,614250.9626522512,146562.66876359066,2272294.522983142,ANTIPIRETICO SUSPENSION INFANTIL,Cliente 3,0
2026-08-01,245908.89205581657,-756324.9016686963,1421917.1973375478,ANTIPIRETICO SUSPENSION INFANTIL,Cliente 3,0
2026-09-01,370073.1823245222,-337798.54839343356,1651566.157732059,ANTIPIRETICO SUSPENSION INFANTIL,Cliente 3,0
2025-10-01,150582.7169339124,61434.744261838474,340309.35872468154,ANTIPIRETICO SUSPENSION INFANTIL,Cliente 5,0
2025-11-01,184584.83596058167,64244.091596285754,345834.1853999833,ANTIPIRETICO SUSPENSION INFANTIL,Cliente 5,0
2025-12-01,309843.6254932339,235505.88960168322,505482.3376024474,ANTIPIRETICO SUSPENSION INFANTIL,Cliente 5,0
2026-01-01,101875.34796569502,34055.44996787722,305166.93118177936,ANTIPIRETICO SUSPENSION INFANTIL,Cliente 5,0
2026-02-01,101723.00346343716,-2314.245560535406,283412.3655722439,ANTIPIRETICO SUSPENSION INFANTIL,Cliente 5,0
2026-03-01,121684.91849571496,34067.9098146147,309106.9751451235,ANTIPIRETICO SUSPENSION INFANTIL,Cliente 5,0
2026-04-01,70128.12929958141,-84371.76015151007,211470.99258769408,ANTIPIRETICO SUSPENSION INFANTIL,Cliente 5,0
2026-05-01,55620.93660427339,-62943.54840912533,216773.8263177091,ANTIPIRETICO SUSPENSION INFANTIL,Cliente 5,0
2026-06-01,76352.3025602899,-47958.61154981011,221352.27928351203,ANTIPIRETICO SUSPENSION INFANTIL,Cliente 5,0
2026-07-01,65478.267995848415,-86627.50488206829,187928.36755543982,ANTIPIRETICO SUSPENSION INFANTIL,Cliente 5,0
2026-08-01,78136.57018195042,-24520.17582750098,277641.1438390837,ANTIPIRETICO SUSPENSION INFANTIL,Cliente 5,0
2026-09-01,111861.95552899722,16994.63472669983,292985.862962775,ANTIPIRETICO SUSPENSION INFANTIL,Cliente 5,0
2025-10-01,508999.7655899075,343649.0534727262,937024.9456670126,ANTIPIRETICO SUSPENSION INFANTIL,Cliente Otros,0
2025-11-01,446469.3558305195,234658.4689973245,836333.807648996,ANTIPIRETICO SUSPENSION INFANTIL,Cliente Otros,0
2025-12-01,382524.89341313,132394.5714540362,750872.4943739137,ANTIPIRETICO SUSPENSION INFANTIL,Cliente Otros,0
2026-01-01,424504.97593099234,182698.34172817713,784140.7975735287,ANTIPIRETICO SUSPENSION INFANTIL,Cliente Otros,0
2026-02-01,430835.78279639594,312579.9751771633,882962.4591331303,ANTIPIRETICO SUSPENSION INFANTIL,Cliente Otros,0
2026-03-01,293322.3641643301,61363.30470716469,666462.6450729993,ANTIPIRETICO SUSPENSION INFANTIL,Cliente Otros,0
2026-04-01,272156.67033427506,81149.07420491055,683724.6684816867,ANTIPIRETICO SUSPENSION INFANTIL,Cliente Otros,0
2026-05-01,220741.09757559048,-6955.168031614345,601983.7781737739,ANTIPIRETICO SUSPENSION INFANTIL,Cliente Otros,0
2026-06-01,229382.55474067747,-57323.051478656846,556849.2961163241,ANTIPIRETICO SUSPENSION INFANTIL,Cliente Otros,0
2026-07-01,251983.71341483956,9836.961048762425,633250.8725771487,ANTIPIRETICO SUSPENSION INFANTIL,Cliente Otros,0
2026-08-01,200118.63392544643,-19877.387396820468,544127.2834234567,ANTIPIRETICO SUSPENSION INFANTIL,Cliente Otros,0
2026-09-01,280341.98411631957,-14.249412150992327,598425.0661770577,ANTIPIRETICO SUSPENSION INFANTIL,Cliente Otros,0
2025-10-01,217619.4297005936,113503.43091326143,349659.64997939224,ANTIREUMATOIDE TABLETAS,Cliente 1,0
2025-11-01,248346.85963716148,148303.88771640745,373641.1412355603,ANTIREUMATOIDE TABLETAS,Cliente 1,0
2025-12-01,183702.80026304207,95082.5098264622,319193.58262126945,ANTIREUMATOIDE TABLETAS,Cliente 1,0
2026-01-01,181858.56414374197,70837.31964835468,301382.6620875153,ANTIREUMATOIDE TABLETAS,Cliente 1,0
2026-02-01,185348.84148800463,135432.2538590351,353076.234536088,ANTIREUMATOIDE TABLETAS,Cliente 1,0
2026-03-01,169600.60976291253,87147.73552185395,302820.3413488121,ANTIREUMATOIDE TABLETAS,Cliente 1,0
2026-04-01,175952.6599565862,81897.38228999573,311202.69398158835,ANTIREUMATOIDE TABLETAS,Cliente 1,0
2026-05-01,239846.18965197934,157044.9287977901,381928.642410499,ANTIREUMATOIDE TABLETAS,Cliente 1,0
2026-06-01,174647.20072593467,75110.62105956611,310530.3859129004,ANTIREUMATOIDE TABLETAS,Cliente 1,0
2026-07-01,142562.69484897165,25241.847113120257,250187.32764859428,ANTIREUMATOIDE TABLETAS,Cliente 1,0
2026-08-01,184975.35613759106,67214.04936951229,294596.07287743024,ANTIREUMATOIDE TABLETAS,Cliente 1,0
2026-09-01,169791.3801156812,76854.55496341267,295464.2308564695,ANTIREUMATOIDE TABLETAS,Cliente 1,0
2025-10-01,132503.5904192111,59190.90444347221,306071.1676375787,ANTIREUMATOIDE TABLETAS,Cliente 2,0
2025-11-01,187155.30507911535,42252.779436043944,295224.76423106034,ANTIREUMATOIDE TABLETAS,Cliente 2,0
2025-12-01,248733.50959092946,121300.89851081546,367043.42371528083,ANTIREUMATOIDE TABLETAS,Cliente 2,0
2026-01-01,148135.62807372524,33413.22230560508,277505.2256137192,ANTIREUMATOIDE TABLETAS,Cliente 2,0
2026-02-01,140194.30433485025,19945.756714177678,262315.4701043223,ANTIREUMATOIDE TABLETAS,Cliente 2,0
2026-03-01,220345.9197702798,79100.84138281138,318719.8713901926,ANTIREUMATOIDE TABLETAS,Cliente 2,0
2026-04-01,188176.18569000324,84851.92498142365,335399.61462815077,ANTIREUMATOIDE TABLETAS,Cliente 2,0
2026-05-01,202491.31687055167,114676.77486475215,365223.91887150187,ANTIREUMATOIDE TABLETAS,Cliente 2,0
2026-06-01,169964.69760693947,28041.729837338848,262457.8815975343,ANTIREUMATOIDE TABLETAS,Cliente 2,0
2026-07-01,118388.27086479725,7893.814989198954,234446.16825647425,ANTIREUMATOIDE TABLETAS,Cliente 2,0
2026-08-01,145317.55734821173,68252.62657818383,297887.2334631217,ANTIREUMATOIDE TABLETAS,Cliente 2,0
2026-09-01,132463.48298670954,29183.558727517135,275754.8217181107,ANTIREUMATOIDE TABLETAS,Cliente 2,0
2025-10-01,139216.10689652935,74375.17562820576,305475.8220600299,ANTIREUMATOIDE TABLETAS,Cliente 3,0
2025-11-01,77569.54948445346,-64614.79530693753,193000.6845888292,ANTIREUMATOIDE TABLETAS,Cliente 3,0
2025-12-01,122950.0545693594,98644.8789570678,360395.31196808716,ANTIREUMATOIDE TABLETAS,Cliente 3,0
2026-01-01,103430.49606192298,-7828.213552068425,230910.57368744854,ANTIREUMATOIDE TABLETAS,Cliente 3,0
2026-02-01,84947.15776671468,-25735.053742345874,205892.8935184247,ANTIREUMATOIDE TABLETAS,Cliente 3,0
2026-03-01,88461.48311097028,-50460.88712578638,196635.70557938586,ANTIREUMATOIDE TABLETAS,Cliente 3,0
2026-04-01,112860.31167800438,-29461.664281002057,207811.79111456726,ANTIREUMATOIDE TABLETAS,Cliente 3,0
2026-05-01,82799.61830219919,-42713.59202410069,208944.87652093996,ANTIREUMATOIDE TABLETAS,Cliente 3,0
2026-06-01,135900.60438743906,60436.14101250389,301107.4972081599,ANTIREUMATOIDE TABLETAS,Cliente 3,0
2026-07-01,101803.64783452742,-58158.075851295835,184150.76594745557,ANTIREUMATOIDE TABLETAS,Cliente 3,0
2026-08-01,90797.39670074383,-47822.901012902716,197115.59294371627,ANTIREUMATOIDE TABLETAS,Cliente 3,0
2026-09-01,94878.74325887831,-1947.0796378693028,241058.30162122374,ANTIREUMATOIDE TABLETAS,Cliente 3,0
2025-10-01,26278.599480367793,-64694.22897137672,79813.17560407254,ANTIREUMATOIDE TABLETAS,Cliente 5,0
2025-11-01,23119.119219658973,-63883.005260330094,77168.58060934997,ANTIREUMATOIDE TABLETAS,Cliente 5,0
2025-12-01,54957.49623907729,-248.76195260475174,140511.88549074763,ANTIREUMATOIDE TABLETAS,Cliente 5,0
2026-01-01,20163.72841767406,-74435.4323614534,63174.46611524321,ANTIREUMATOIDE TABLETAS,Cliente 5,0
2026-02-01,27426.420454072617,-65698.85657566322,73742.00536156463,ANTIREUMATOIDE TABLETAS,Cliente 5,0
2026-03-01,25447.998076977383,-78520.51875528168,60629.379109538444,ANTIREUMATOIDE TABLETAS,Cliente 5,0
2026-04-01,6497.757996887695,-98196.00556220577,45320.60824953458,ANTIREUMATOIDE TABLETAS,Cliente 5,0
2026-05-01,43244.103494149436,-5999.178514437044,132940.96696787886,ANTIREUMATOIDE TABLETAS,Cliente 5,0
2026-06-01,49356.70074460205,5145.218691301265,154468.83328656413,ANTIREUMATOIDE TABLETAS,Cliente 5,0
2026-07-01,8046.948455012102,-88665.48990788926,53449.45719801343,ANTIREUMATOIDE TABLETAS,Cliente 5,0
2026-08-01,7111.899862821275,-96031.01939098681,48946.216740291726,ANTIREUMATOIDE TABLETAS,Cliente 5,0
2026-09-01,18345.298949769392,-75169.34954059776,66543.41546514277,ANTIREUMATOIDE TABLETAS,Cliente 5,0
2025-10-01,89676.5588997839,-65927.21643113771,160704.14877465036,ANTIREUMATOIDE TABLETAS,Cliente Otros,0
2025-11-01,115442.60701575813,-31543.455159895075,183108.2887405891,ANTIREUMATOIDE TABLETAS,Cliente Otros,0
2025-12-01,89461.23561360977,-38330.14660546751,191677.63676351222,ANTIREUMATOIDE TABLETAS,Cliente Otros,0
2026-01-01,173634.86233731604,20895.08127009592,239137.1052075076,ANTIREUMATOIDE TABLETAS,Cliente Otros,0
2026-02-01,166289.33690955062,6396.571080383347,235287.07727934505,ANTIREUMATOIDE TABLETAS,Cliente Otros,0
2026-03-01,128732.1833356241,-34045.68816859754,178556.9918252198,ANTIREUMATOIDE TABLETAS,Cliente Otros,0
2026-04-01,130730.13296240073,-56826.320065142216,157451.87987037643,ANTIREUMATOIDE TABLETAS,Cliente Otros,0
2026-05-01,132373.7806130404,-60437.27085202657,161788.50305896858,ANTIREUMATOIDE TABLETAS,Cliente Otros,0
2026-06-01,150631.76309113766,-38709.019007263014,181486.89470951166,ANTIREUMATOIDE TABLETAS,Cliente Otros,0
2026-07-01,137664.03949001202,-54737.2068347812,160950.66989124008,ANTIREUMATOIDE TABLETAS,Cliente Otros,0
2026-08-01,148076.08032829364,-73273.85570902798,142456.62905531417,ANTIREUMATOIDE TABLETAS,Cliente Otros,0
2026-09-01,124932.18058343483,-77276.42013070655,153093.73516661307,ANTIREUMATOIDE TABLETAS,Cliente Otros,0
2025-10-01,204482.28602479826,126935.02886171902,471064.81755995174,DESCONGESTIONANTE SOLUCION NASAL ADULTO,Cliente 1,0
2025-11-01,198127.01238059698,176266.65890994135,512371.2281731074,DESCONGESTIONANTE SOLUCION NASAL ADULTO,Cliente 1,0
2025-12-01,191546.32739345587,174414.85083049902,512504.7906003926,DESCONGESTIONANTE SOLUCION NASAL ADULTO,Cliente 1,0
2026-01-01,274681.95023515675,181269.3582214461,513056.3221146963,DESCONGESTIONANTE SOLUCION NASAL ADULTO,Cliente 1,0
2026-02-01,251127.63557948064,185928.4909781261,514947.89817491453,DESCONGESTIONANTE SOLUCION NASAL ADULTO,Cliente 1,0
2026-03-01,249534.5204591915,214264.16285942766,541090.9308734083,DESCONGESTIONANTE SOLUCION NASAL ADULTO,Cliente 1,0
2026-04-01,257164.6850420656,228375.14153805393,562949.9583665583,DESCONGESTIONANTE SOLUCION NASAL ADULTO,Cliente 1,0
2026-05-01,277927.55759123556,162789.26763664177,490742.5171040448,DESCONGESTIONANTE SOLUCION NASAL ADULTO,Cliente 1,0
2026-06-01,236401.26995447386,145904.75611450977,475175.68081295514,DESCONGESTIONANTE SOLUCION NASAL ADULTO,Cliente 1,0
2026-07-01,209180.05199464344,151487.89057908568,487516.95104209176,DESCONGESTIONANTE SOLUCION NASAL ADULTO,Cliente 1,0
2026-08-01,211559.237268202,148749.8516947383,477131.091187198,DESCONGESTIONANTE SOLUCION NASAL ADULTO,Cliente 1,0
2026-09-01,231609.7796821786,128188.34522714921,456249.53021941375,DESCONGESTIONANTE SOLUCION NASAL ADULTO,Cliente 1,0
2025-10-01,121076.38902702741,66694.17846391839,281493.1143408383,DESCONGESTIONANTE SOLUCION NASAL ADULTO,Cliente 2,0
2025-11-01,86453.45573892473,4190.253441729491,221793.51087541805,DESCONGESTIONANTE SOLUCION NASAL ADULTO,Cliente 2,0
2025-12-01,122902.13887242238,61117.26979819291,273541.0486543387,DESCONGESTIONANTE SOLUCION NASAL ADULTO,Cliente 2,0
2026-01-01,207918.77921277215,121700.2634593993,347970.5976616497,DESCONGESTIONANTE SOLUCION NASAL ADULTO,Cliente 2,0
2026-02-01,58175.120469569105,-31592.522730008095,181101.69015747178,DESCONGESTIONANTE SOLUCION NASAL ADULTO,Cliente 2,0
2026-03-01,166901.30921402675,121326.33231997736,331871.65398378525,DESCONGESTIONANTE SOLUCION NASAL ADULTO,Cliente 2,0
2026-04-01,157221.79827575642,121991.52428709627,339670.52674226894,DESCONGESTIONANTE SOLUCION NASAL ADULTO,Cliente 2,0
2026-05-01,65472.48405611864,-1020.2070959707736,221880.1916161955,DESCONGESTIONANTE SOLUCION NASAL ADULTO,Cliente 2,0
2026-06-01,71247.6250537743,6387.702157817545,215196.09849925947,DESCONGESTIONANTE SOLUCION NASAL ADULTO,Cliente 2,0
2026-07-01,56310.662935123844,12892.674057547983,222971.7451078783,DESCONGESTIONANTE SOLUCION NASAL ADULTO,Cliente 2,0
2026-08-01,57209.537412377154,-4894.326954884162,213964.9279259369,DESCONGESTIONANTE SOLUCION NASAL ADULTO,Cliente 2,0
2026-09-01,105399.5704246259,38061.104203427,249157.3423826306,DESCONGESTIONANTE SOLUCION NASAL ADULTO,Cliente 2,0
2025-10-01,126362.72533638326,9392.196274038286,368953.4453834285,DESCONGESTIONANTE SOLUCION NASAL ADULTO,Cliente 3,0
2025-11-01,91601.53607076348,-18965.49993936663,332718.6284490964,DESCONGESTIONANTE SOLUCION NASAL ADULTO,Cliente 3,0
2025-12-01,94063.9337909596,-2619.320178033443,335121.56071944465,DESCONGESTIONANTE SOLUCION NASAL ADULTO,Cliente 3,0
2026-01-01,158747.7447387066,120943.22601017999,480211.72965801635,DESCONGESTIONANTE SOLUCION NASAL ADULTO,Cliente 3,0
2026-02-01,103590.64103872108,-71423.4735198381,303832.68917190476,DESCONGESTIONANTE SOLUCION NASAL ADULTO,Cliente 3,0
2026-03-01,176384.72434455247,73396.32651187011,404098.12438360986,DESCONGESTIONANTE SOLUCION NASAL ADULTO,Cliente 3,0
2026-04-01,148910.75340732298,129691.05807428222,489941.00461791066,DESCONGESTIONANTE SOLUCION NASAL ADULTO,Cliente 3,0
2026-05-01,51895.29480228392,-117792.23635045484,239590.03513907787,DESCONGESTIONANTE SOLUCION NASAL ADULTO,Cliente 3,0
2026-06-01,92644.85956727563,-39988.281267397106,326812.6206308451,DESCONGESTIONANTE SOLUCION NASAL ADULTO,Cliente 3,0
2026-07-01,109885.78667545023,-10355.712689066959,365943.09521630855,DESCONGESTIONANTE SOLUCION NASAL ADULTO,Cliente 3,0
2026-08-01,63566.91764887419,-85687.73234193517,268785.5385416058,DESCONGESTIONANTE SOLUCION NASAL ADULTO,Cliente 3,0
2026-09-01,101038.5965740274,-11579.070157774651,345384.6470751295,DESCONGESTIONANTE SOLUCION NASAL ADULTO,Cliente 3,0
2025-10-01,55857.619764364885,23858.70783075096,130876.72886911606,DESCONGESTIONANTE SOLUCION NASAL ADULTO,Cliente 5,0
2025-11-01,96841.85234405221,65497.984293548245,176454.3001914459,DESCONGESTIONANTE SOLUCION NASAL ADULTO,Cliente 5,0
2025-12-01,60739.51669565506,18984.449236513003,124475.37222766972,DESCONGESTIONANTE SOLUCION NASAL ADULTO,Cliente 5,0
2026-01-01,103407.58051373689,51159.639143177636,159582.44734361328,DESCONGESTIONANTE SOLUCION NASAL ADULTO,Cliente 5,0
2026-02-01,75404.44584346058,32104.83996935853,144587.8213673489,DESCONGESTIONANTE SOLUCION NASAL ADULTO,Cliente 5,0
2026-03-01,76790.56453551326,26223.21422203814,131642.86073002577,DESCONGESTIONANTE SOLUCION NASAL ADULTO,Cliente 5,0
2026-04-01,56656.03827245054,16542.641904566317,130054.29518099419,DESCONGESTIONANTE SOLUCION NASAL ADULTO,Cliente 5,0
2026-05-01,73173.0298807095,31592.150052497134,140205.76792194624,DESCONGESTIONANTE SOLUCION NASAL ADULTO,Cliente 5,0
2026-06-01,33666.9644135319,-11402.421903061355,99525.18021115162,DESCONGESTIONANTE SOLUCION NASAL ADULTO,Cliente 5,0
2026-07-01,46678.106713935245,14964.60060625118,119575.76478815802,DESCONGESTIONANTE SOLUCION NASAL ADULTO,Cliente 5,0
2026-08-01,62859.73338040246,32559.421758013345,140268.32409922054,DESCONGESTIONANTE SOLUCION NASAL ADULTO,Cliente 5,0
2026-09-01,61603.746976358314,16521.83672546303,122689.2076376398,DESCONGESTIONANTE SOLUCION NASAL ADULTO,Cliente 5,0
2025-10-01,106238.40077042939,44989.48303032531,165435.7488602005,DESCONGESTIONANTE SOLUCION NASAL ADULTO,Cliente Otros,0
2025-11-01,123093.54674732777,72005.78144848306,190571.9922255547,DESCONGESTIONANTE SOLUCION NASAL ADULTO,Cliente Otros,0
2025-12-01,95099.03276587553,31079.78617894203,156901.927243946,DESCONGESTIONANTE SOLUCION NASAL ADULTO,Cliente Otros,0
2026-01-01,147444.21383040943,130058.5679044968,248166.61911873185,DESCONGESTIONANTE SOLUCION NASAL ADULTO,Cliente Otros,0
2026-02-01,107691.42234961526,71002.98867793007,195801.63715819127,DESCONGESTIONANTE SOLUCION NASAL ADULTO,Cliente Otros,0
2026-03-01,90111.60689689066,51492.24215300448,171096.977281231,DESCONGESTIONANTE SOLUCION NASAL ADULTO,Cliente Otros,0
2026-04-01,109155.04692057164,57049.68738988339,179600.49483161027,DESCONGESTIONANTE SOLUCION NASAL ADULTO,Cliente Otros,0
2026-05-01,82065.04479076464,35036.388643278166,159322.2585751456,DESCONGESTIONANTE SOLUCION NASAL ADULTO,Cliente Otros,0
2026-06-01,93096.27585890361,52579.400784701946,169083.22495040693,DESCONGESTIONANTE SOLUCION NASAL ADULTO,Cliente Otros,0
2026-07-01,52509.78398493864,6528.256192766444,123197.56155731047,DESCONGESTIONANTE SOLUCION NASAL ADULTO,Cliente Otros,0
2026-08-01,70439.7619824288,34248.03292534749,154013.04756960474,DESCONGESTIONANTE SOLUCION NASAL ADULTO,Cliente Otros,0
2026-09-01,89926.93621762314,42373.876705339826,160323.58367525155,DESCONGESTIONANTE SOLUCION NASAL ADULTO,Cliente Otros,0

